pokemon_id,nome,hp,ataque,defesa,velocidade
1,Bulbasaur,45,49,49,45
2,Ivysaur,60,62,63,60
3,Venusaur,80,82,83,80
4,Charmander,39,52,43,65
5,Charmeleon,58,64,58,80
6,Charizard,78,84,78,100
7,Squirtle,44,48,65,43
8,Wartortle,59,63,80,58
9,Blastoise,79,83,100,78
10,Caterpie,45,30,35,45
11,Metapod,50,20,55,30
12,Butterfree,60,45,50,70
13,Weedle,40,35,30,50
14,Kakuna,45,25,50,35
15,Beedrill,65,90,40,75
16,Pidgey,40,45,40,56
17,Pidgeotto,63,60,55,71
18,Pidgeot,83,80,75,101
19,Rattata,30,56,35,72
20,Raticate,55,81,60,97
21,Spearow,40,60,30,70
22,Fearow,65,90,65,100
23,Ekans,35,60,44,55
24,Arbok,60,85,69,80
25,Pikachu,35,55,40,90
26,Raichu,60,90,55,110
27,Sandshrew,50,75,85,40
28,Sandslash,75,100,110,65
29,Nidoranâ™€,55,47,52,41
30,Nidorina,70,62,67,56
31,Nidoqueen,90,92,87,76
32,Nidoranâ™‚,46,57,40,50
33,Nidorino,61,72,57,65
34,Nidoking,81,102,77,85
35,Clefairy,70,45,48,35
36,Clefable,95,70,73,60
37,Vulpix,38,41,40,65
38,Ninetales,73,76,75,100
39,Jigglypuff,115,45,20,20
40,Wigglytuff,140,70,45,45
41,Zubat,40,45,35,55
42,Golbat,75,80,70,90
43,Oddish,45,50,55,30
44,Gloom,60,65,70,40
45,Vileplume,75,80,85,50
46,Paras,35,70,55,25
47,Parasect,60,95,80,30
48,Venonat,60,55,50,45
49,Venomoth,70,65,60,90
50,Diglett,10,55,25,95
51,Dugtrio,35,80,50,120
52,Meowth,40,45,35,90
53,Persian,65,70,60,115
54,Psyduck,50,52,48,55
55,Golduck,80,82,78,85
56,Mankey,40,80,35,70
57,Primeape,65,105,60,95
58,Growlithe,55,70,45,60
59,Arcanine,90,110,80,95
60,Poliwag,40,50,40,90
61,Poliwhirl,65,65,65,90
62,Poliwrath,90,95,95,70
63,Abra,25,20,15,90
64,Kadabra,40,35,30,105
65,Alakazam,55,50,45,120
66,Machop,70,80,50,35
67,Machoke,80,100,70,45
68,Machamp,90,130,80,55
69,Bellsprout,50,75,35,40
70,Weepinbell,65,90,50,55
71,Victreebel,80,105,65,70
72,Tentacool,40,40,35,70
73,Tentacruel,80,70,65,100
74,Geodude,40,80,100,20
75,Graveler,55,95,115,35
76,Golem,80,120,130,45
77,Ponyta,50,85,55,90
78,Rapidash,65,100,70,105
79,Slowpoke,90,65,65,15
80,Slowbro,95,75,110,30
81,Magnemite,25,35,70,45
82,Magneton,50,60,95,70
83,Farfetch'd,52,65,55,60
84,Doduo,35,85,45,75
85,Dodrio,60,110,70,100
86,Seel,65,45,55,45
87,Dewgong,90,70,80,70
88,Grimer,80,80,50,25
89,Muk,105,105,75,50
90,Shellder,30,65,100,40
91,Cloyster,50,95,180,70
92,Gastly,30,35,30,80
93,Haunter,45,50,45,95
94,Gengar,60,65,60,110
95,Onix,35,45,160,70
96,Drowzee,60,48,45,42
97,Hypno,85,73,70,67
98,Krabby,30,105,90,50
99,Kingler,55,130,115,75
100,Voltorb,40,30,50,100
101,Electrode,60,50,70,140
102,Exeggcute,60,40,80,40
103,Exeggutor,95,95,85,55
104,Cubone,50,50,95,35
105,Marowak,60,80,110,45
106,Hitmonlee,50,120,53,87
107,Hitmonchan,50,105,79,76
108,Lickitung,90,55,75,30
109,Koffing,40,65,95,35
110,Weezing,65,90,120,60
111,Rhyhorn,80,85,95,25
112,Rhydon,105,130,120,40
113,Chansey,250,5,5,50
114,Tangela,65,55,115,60
115,Kangaskhan,105,95,80,90
116,Horsea,30,40,70,60
117,Seadra,55,65,95,85
118,Goldeen,45,67,60,63
119,Seaking,80,92,65,68
120,Staryu,30,45,55,85
121,Starmie,60,75,85,115
122,"Mr. Mime",40,45,65,90
123,Scyther,70,110,80,105
124,Jynx,65,50,35,95
125,Electabuzz,65,83,57,105
126,Magmar,65,95,57,93
127,Pinsir,65,125,100,85
128,Tauros,75,100,95,110
129,Magikarp,20,10,55,80
130,Gyarados,95,125,79,81
131,Lapras,130,85,80,60
132,Ditto,48,48,48,48
133,Eevee,55,55,50,55
134,Vaporeon,130,65,60,65
135,Jolteon,65,65,60,130
136,Flareon,65,130,60,65
137,Porygon,65,60,70,40
138,Omanyte,35,40,100,35
139,Omastar,70,60,125,55
140,Kabuto,30,80,90,55
141,Kabutops,60,115,105,80
142,Aerodactyl,80,105,65,130
143,Snorlax,160,110,65,30
144,Articuno,90,85,100,85
145,Zapdos,90,90,85,100
146,Moltres,90,100,90,90
147,Dratini,41,64,45,50
148,Dragonair,61,84,65,70
149,Dragonite,91,134,95,80
150,Mewtwo,106,110,90,130
151,Mew,100,100,100,100
152,Chikorita,45,49,65,45
153,Bayleef,60,62,80,60
154,Meganium,80,82,100,80
155,Cyndaquil,39,52,43,65
156,Quilava,58,64,58,80
157,Typhlosion,78,84,78,100
158,Totodile,50,65,64,43
159,Croconaw,65,80,80,58
160,Feraligatr,85,105,100,78
161,Sentret,35,46,34,20
162,Furret,85,76,64,90
163,Hoothoot,60,30,30,50
164,Noctowl,100,50,50,70
165,Ledyba,40,20,30,55
166,Ledian,55,35,50,85
167,Spinarak,40,60,40,30
168,Ariados,70,90,70,40
169,Crobat,85,90,80,130
170,Chinchou,75,38,38,67
171,Lanturn,125,58,58,67
172,Pichu,20,40,15,60
173,Cleffa,50,25,28,15
174,Igglybuff,90,30,15,15
175,Togepi,35,20,65,20
176,Togetic,55,40,85,40
177,Natu,40,50,45,70
178,Xatu,65,75,70,95
179,Mareep,55,40,40,35
180,Flaaffy,70,55,55,45
181,Ampharos,90,75,85,55
182,Bellossom,75,80,95,50
183,Marill,70,20,50,40
184,Azumarill,100,50,80,50
185,Sudowoodo,70,100,115,30
186,Politoed,90,75,75,70
187,Hoppip,35,35,40,50
188,Skiploom,55,45,50,80
189,Jumpluff,75,55,70,110
190,Aipom,55,70,55,85
191,Sunkern,30,30,30,30
192,Sunflora,75,75,55,30
193,Yanma,65,65,45,95
194,Wooper,55,45,45,15
195,Quagsire,95,85,85,35
196,Espeon,65,65,60,110
197,Umbreon,95,65,110,65
198,Murkrow,60,85,42,91
199,Slowking,95,75,80,30
200,Misdreavus,60,60,60,85
201,Unown,48,72,48,48
202,Wobbuffet,190,33,58,33
203,Girafarig,70,80,65,85
204,Pineco,50,65,90,15
205,Forretress,75,90,140,40
206,Dunsparce,100,70,70,45
207,Gligar,65,75,105,85
208,Steelix,75,85,200,30
209,Snubbull,60,80,50,30
210,Granbull,90,120,75,45
211,Qwilfish,65,95,75,85
212,Scizor,70,130,100,65
213,Shuckle,20,10,230,5
214,Heracross,80,125,75,85
215,Sneasel,55,95,55,115
216,Teddiursa,60,80,50,40
217,Ursaring,90,130,75,55
218,Slugma,40,40,40,20
219,Magcargo,50,50,120,30
220,Swinub,50,50,40,50
221,Piloswine,100,100,80,50
222,Corsola,55,55,85,35
223,Remoraid,35,65,35,65
224,Octillery,75,105,75,45
225,Delibird,45,55,45,75
226,Mantine,65,40,70,70
227,Skarmory,65,80,140,70
228,Houndour,45,60,30,65
229,Houndoom,75,90,50,95
230,Kingdra,75,95,95,85
231,Phanpy,90,60,60,40
232,Donphan,90,120,120,50
233,Porygon2,85,80,90,60
234,Stantler,73,95,62,85
235,Smeargle,55,20,35,75
236,Tyrogue,35,35,35,35
237,Hitmontop,50,95,95,70
238,Smoochum,45,30,15,65
239,Elekid,45,63,37,95
240,Magby,45,75,37,83
241,Miltank,95,80,105,100
242,Blissey,255,10,10,55
243,Raikou,90,85,75,115
244,Entei,115,115,85,100
245,Suicune,100,75,115,85
246,Larvitar,50,64,50,41
247,Pupitar,70,84,70,51
248,Tyranitar,100,134,110,61
249,Lugia,106,90,130,110
250,Ho-oh,106,130,90,90
251,Celebi,100,100,100,100
252,Treecko,40,45,35,70
253,Grovyle,50,65,45,95
254,Sceptile,70,85,65,120
255,Torchic,45,60,40,45
256,Combusken,60,85,60,55
257,Blaziken,80,120,70,80
258,Mudkip,50,70,50,40
259,Marshtomp,70,85,70,50
260,Swampert,100,110,90,60
261,Poochyena,35,55,35,35
262,Mightyena,70,90,70,70
263,Zigzagoon,38,30,41,60
264,Linoone,78,70,61,100
265,Wurmple,45,45,35,20
266,Silcoon,50,35,55,15
267,Beautifly,60,70,50,65
268,Cascoon,50,35,55,15
269,Dustox,60,50,70,65
270,Lotad,40,30,30,30
271,Lombre,60,50,50,50
272,Ludicolo,80,70,70,70
273,Seedot,40,40,50,30
274,Nuzleaf,70,70,40,60
275,Shiftry,90,100,60,80
276,Taillow,40,55,30,85
277,Swellow,60,85,60,125
278,Wingull,40,30,30,85
279,Pelipper,60,50,100,65
280,Ralts,28,25,25,40
281,Kirlia,38,35,35,50
282,Gardevoir,68,65,65,80
283,Surskit,40,30,32,65
284,Masquerain,70,60,62,60
285,Shroomish,60,40,60,35
286,Breloom,60,130,80,70
287,Slakoth,60,60,60,30
288,Vigoroth,80,80,80,90
289,Slaking,150,160,100,100
290,Nincada,31,45,90,40
291,Ninjask,61,90,45,160
292,Shedinja,1,90,45,40
293,Whismur,64,51,23,28
294,Loudred,84,71,43,48
295,Exploud,104,91,63,68
296,Makuhita,72,60,30,25
297,Hariyama,144,120,60,50
298,Azurill,50,20,40,20
299,Nosepass,30,45,135,30
300,Skitty,50,45,45,50
301,Delcatty,70,65,65,70
302,Sableye,50,75,75,50
303,Mawile,50,85,85,50
304,Aron,50,70,100,30
305,Lairon,60,90,140,40
306,Aggron,70,110,180,50
307,Meditite,30,40,55,60
308,Medicham,60,60,75,80
309,Electrike,40,45,40,65
310,Manectric,70,75,60,105
311,Plusle,60,50,40,95
312,Minun,60,40,50,95
313,Volbeat,65,73,55,85
314,Illumise,65,47,55,85
315,Roselia,50,60,45,65
316,Gulpin,70,43,53,40
317,Swalot,100,73,83,55
318,Carvanha,45,90,20,65
319,Sharpedo,70,120,40,95
320,Wailmer,130,70,35,60
321,Wailord,170,90,45,60
322,Numel,60,60,40,35
323,Camerupt,70,100,70,40
324,Torkoal,70,85,140,20
325,Spoink,60,25,35,60
326,Grumpig,80,45,65,80
327,Spinda,60,60,60,60
328,Trapinch,45,100,45,10
329,Vibrava,50,70,50,70
330,Flygon,80,100,80,100
331,Cacnea,50,85,40,35
332,Cacturne,70,115,60,55
333,Swablu,45,40,60,50
334,Altaria,75,70,90,80
335,Zangoose,73,115,60,90
336,Seviper,73,100,60,65
337,Lunatone,70,55,65,70
338,Solrock,70,95,85,70
339,Barboach,50,48,43,60
340,Whiscash,110,78,73,60
341,Corphish,43,80,65,35
342,Crawdaunt,63,120,85,55
343,Baltoy,40,40,55,55
344,Claydol,60,70,105,75
345,Lileep,66,41,77,23
346,Cradily,86,81,97,43
347,Anorith,45,95,50,75
348,Armaldo,75,125,100,45
349,Feebas,20,15,20,80
350,Milotic,95,60,79,81
351,Castform,70,70,70,70
352,Kecleon,60,90,70,40
353,Shuppet,44,75,35,45
354,Banette,64,115,65,65
355,Duskull,20,40,90,25
356,Dusclops,40,70,130,25
357,Tropius,99,68,83,51
358,Chimecho,65,50,70,65
359,Absol,65,130,60,75
360,Wynaut,95,23,48,23
361,Snorunt,50,50,50,50
362,Glalie,80,80,80,80
363,Spheal,70,40,50,25
364,Sealeo,90,60,70,45
365,Walrein,110,80,90,65
366,Clamperl,35,64,85,32
367,Huntail,55,104,105,52
368,Gorebyss,55,84,105,52
369,Relicanth,100,90,130,55
370,Luvdisc,43,30,55,97
371,Bagon,45,75,60,50
372,Shelgon,65,95,100,50
373,Salamence,95,135,80,100
374,Beldum,40,55,80,30
375,Metang,60,75,100,50
376,Metagross,80,135,130,70
377,Regirock,80,100,200,50
378,Regice,80,50,100,50
379,Registeel,80,75,150,50
380,Latias,80,80,90,110
381,Latios,80,90,80,110
382,Kyogre,100,100,90,90
383,Groudon,100,150,140,90
384,Rayquaza,105,150,90,95
385,Jirachi,100,100,100,100
386,"DeoxysNormal Forme",50,150,50,150
387,Turtwig,55,68,64,31
388,Grotle,75,89,85,36
389,Torterra,95,109,105,56
390,Chimchar,44,58,44,61
391,Monferno,64,78,52,81
392,Infernape,76,104,71,108
393,Piplup,53,51,53,40
394,Prinplup,64,66,68,50
395,Empoleon,84,86,88,60
396,Starly,40,55,30,60
397,Staravia,55,75,50,80
398,Staraptor,85,120,70,100
399,Bidoof,59,45,40,31
400,Bibarel,79,85,60,71
401,Kricketot,37,25,41,25
402,Kricketune,77,85,51,65
403,Shinx,45,65,34,45
404,Luxio,60,85,49,60
405,Luxray,80,120,79,70
406,Budew,40,30,35,55
407,Roserade,60,70,65,90
408,Cranidos,67,125,40,58
409,Rampardos,97,165,60,58
410,Shieldon,30,42,118,30
411,Bastiodon,60,52,168,30
412,Burmy,40,29,45,36
413,"WormadamPlant Cloak",60,59,85,36
414,Mothim,70,94,50,66
415,Combee,30,30,42,70
416,Vespiquen,70,80,102,40
417,Pachirisu,60,45,70,95
418,Buizel,55,65,35,85
419,Floatzel,85,105,55,115
420,Cherubi,45,35,45,35
421,Cherrim,70,60,70,85
422,Shellos,76,48,48,34
423,Gastrodon,111,83,68,39
424,Ambipom,75,100,66,115
425,Drifloon,90,50,34,70
426,Drifblim,150,80,44,80
427,Buneary,55,66,44,85
428,Lopunny,65,76,84,105
429,Mismagius,60,60,60,105
430,Honchkrow,100,125,52,71
431,Glameow,49,55,42,85
432,Purugly,71,82,64,112
433,Chingling,45,30,50,45
434,Stunky,63,63,47,74
435,Skuntank,103,93,67,84
436,Bronzor,57,24,86,23
437,Bronzong,67,89,116,33
438,Bonsly,50,80,95,10
439,"Mime Jr.",20,25,45,60
440,Happiny,100,5,5,30
441,Chatot,76,65,45,91
442,Spiritomb,50,92,108,35
443,Gible,58,70,45,42
444,Gabite,68,90,65,82
445,Garchomp,108,130,95,102
446,Munchlax,135,85,40,5
447,Riolu,40,70,40,60
448,Lucario,70,110,70,90
449,Hippopotas,68,72,78,32
450,Hippowdon,108,112,118,47
451,Skorupi,40,50,90,65
452,Drapion,70,90,110,95
453,Croagunk,48,61,40,50
454,Toxicroak,83,106,65,85
455,Carnivine,74,100,72,46
456,Finneon,49,49,56,66
457,Lumineon,69,69,76,91
458,Mantyke,45,20,50,50
459,Snover,60,62,50,40
460,Abomasnow,90,92,75,60
461,Weavile,70,120,65,125
462,Magnezone,70,70,115,60
463,Lickilicky,110,85,95,50
464,Rhyperior,115,140,130,40
465,Tangrowth,100,100,125,50
466,Electivire,75,123,67,95
467,Magmortar,75,95,67,83
468,Togekiss,85,50,95,80
469,Yanmega,86,76,86,95
470,Leafeon,65,110,130,95
471,Glaceon,65,60,110,65
472,Gliscor,75,95,125,95
473,Mamoswine,110,130,80,80
474,Porygon-Z,85,80,70,90
475,Gallade,68,125,65,80
476,Probopass,60,55,145,40
477,Dusknoir,45,100,135,45
478,Froslass,70,80,70,110
479,Rotom,50,50,77,91
480,Uxie,75,75,130,95
481,Mesprit,80,105,105,80
482,Azelf,75,125,70,115
483,Dialga,100,120,120,90
484,Palkia,90,120,100,100
485,Heatran,91,90,106,77
486,Regigigas,110,160,110,100
487,"GiratinaAltered Forme",150,100,120,90
488,Cresselia,120,70,120,85
489,Phione,80,80,80,80
490,Manaphy,100,100,100,100
491,Darkrai,70,90,90,125
492,"ShayminLand Forme",100,100,100,100
493,Arceus,120,120,120,120
494,Victini,100,100,100,100
495,Snivy,45,45,55,63
496,Servine,60,60,75,83
497,Serperior,75,75,95,113
498,Tepig,65,63,45,45
499,Pignite,90,93,55,55
500,Emboar,110,123,65,65
501,Oshawott,55,55,45,45
502,Dewott,75,75,60,60
503,Samurott,95,100,85,70
504,Patrat,45,55,39,42
505,Watchog,60,85,69,77
506,Lillipup,45,60,45,55
507,Herdier,65,80,65,60
508,Stoutland,85,110,90,80
509,Purrloin,41,50,37,66
510,Liepard,64,88,50,106
511,Pansage,50,53,48,64
512,Simisage,75,98,63,101
513,Pansear,50,53,48,64
514,Simisear,75,98,63,101
515,Panpour,50,53,48,64
516,Simipour,75,98,63,101
517,Munna,76,25,45,24
518,Musharna,116,55,85,29
519,Pidove,50,55,50,43
520,Tranquill,62,77,62,65
521,Unfezant,80,115,80,93
522,Blitzle,45,60,32,76
523,Zebstrika,75,100,63,116
524,Roggenrola,55,75,85,15
525,Boldore,70,105,105,20
526,Gigalith,85,135,130,25
527,Woobat,55,45,43,72
528,Swoobat,67,57,55,114
529,Drilbur,60,85,40,68
530,Excadrill,110,135,60,88
531,Audino,103,60,86,50
532,Timburr,75,80,55,35
533,Gurdurr,85,105,85,40
534,Conkeldurr,105,140,95,45
535,Tympole,50,50,40,64
536,Palpitoad,75,65,55,69
537,Seismitoad,105,95,75,74
538,Throh,120,100,85,45
539,Sawk,75,125,75,85
540,Sewaddle,45,53,70,42
541,Swadloon,55,63,90,42
542,Leavanny,75,103,80,92
543,Venipede,30,45,59,57
544,Whirlipede,40,55,99,47
545,Scolipede,60,100,89,112
546,Cottonee,40,27,60,66
547,Whimsicott,60,67,85,116
548,Petilil,45,35,50,30
549,Lilligant,70,60,75,90
550,Basculin,70,92,65,98
551,Sandile,50,72,35,65
552,Krokorok,60,82,45,74
553,Krookodile,95,117,80,92
554,Darumaka,70,90,45,50
555,"DarmanitanStandard Mode",105,140,55,95
556,Maractus,75,86,67,60
557,Dwebble,50,65,85,55
558,Crustle,70,95,125,45
559,Scraggy,50,75,70,48
560,Scrafty,65,90,115,58
561,Sigilyph,72,58,80,97
562,Yamask,38,30,85,30
563,Cofagrigus,58,50,145,30
564,Tirtouga,54,78,103,22
565,Carracosta,74,108,133,32
566,Archen,55,112,45,70
567,Archeops,75,140,65,110
568,Trubbish,50,50,62,65
569,Garbodor,80,95,82,75
570,Zorua,40,65,40,65
571,Zoroark,60,105,60,105
572,Minccino,55,50,40,75
573,Cinccino,75,95,60,115
574,Gothita,45,30,50,45
575,Gothorita,60,45,70,55
576,Gothitelle,70,55,95,65
577,Solosis,45,30,40,20
578,Duosion,65,40,50,30
579,Reuniclus,110,65,75,30
580,Ducklett,62,44,50,55
581,Swanna,75,87,63,98
582,Vanillite,36,50,50,44
583,Vanillish,51,65,65,59
584,Vanilluxe,71,95,85,79
585,Deerling,60,60,50,75
586,Sawsbuck,80,100,70,95
587,Emolga,55,75,60,103
588,Karrablast,50,75,45,60
589,Escavalier,70,135,105,20
590,Foongus,69,55,45,15
591,Amoonguss,114,85,70,30
592,Frillish,55,40,50,40
593,Jellicent,100,60,70,60
594,Alomomola,165,75,80,65
595,Joltik,50,47,50,65
596,Galvantula,70,77,60,108
597,Ferroseed,44,50,91,10
598,Ferrothorn,74,94,131,20
599,Klink,40,55,70,30
600,Klang,60,80,95,50
601,Klinklang,60,100,115,90
602,Tynamo,35,55,40,60
603,Eelektrik,65,85,70,40
604,Eelektross,85,115,80,50
605,Elgyem,55,55,55,30
606,Beheeyem,75,75,75,40
607,Litwick,50,30,55,20
608,Lampent,60,40,60,55
609,Chandelure,60,55,90,80
610,Axew,46,87,60,57
611,Fraxure,66,117,70,67
612,Haxorus,76,147,90,97
613,Cubchoo,55,70,40,40
614,Beartic,95,110,80,50
615,Cryogonal,70,50,30,105
616,Shelmet,50,40,85,25
617,Accelgor,80,70,40,145
618,Stunfisk,109,66,84,32
619,Mienfoo,45,85,50,65
620,Mienshao,65,125,60,105
621,Druddigon,77,120,90,48
622,Golett,59,74,50,35
623,Golurk,89,124,80,55
624,Pawniard,45,85,70,60
625,Bisharp,65,125,100,70
626,Bouffalant,95,110,95,55
627,Rufflet,70,83,50,60
628,Braviary,100,123,75,80
629,Vullaby,70,55,75,60
630,Mandibuzz,110,65,105,80
631,Heatmor,85,97,66,65
632,Durant,58,109,112,109
633,Deino,52,65,50,38
634,Zweilous,72,85,70,58
635,Hydreigon,92,105,90,98
636,Larvesta,55,85,55,60
637,Volcarona,85,60,65,100
638,Cobalion,91,90,129,108
639,Terrakion,91,129,90,108
640,Virizion,91,90,72,108
641,"TornadusIncarnate Forme",79,115,70,111
642,"ThundurusIncarnate Forme",79,115,70,111
643,Reshiram,100,120,100,90
644,Zekrom,100,150,120,90
645,"LandorusIncarnate Forme",89,125,90,101
646,Kyurem,125,130,90,95
647,"KeldeoOrdinary Forme",91,72,90,108
648,"MeloettaAria Forme",100,77,77,90
649,Genesect,71,120,95,99
650,Chespin,56,61,65,38
651,Quilladin,61,78,95,57
652,Chesnaught,88,107,122,64
653,Fennekin,40,45,40,60
654,Braixen,59,59,58,73
655,Delphox,75,69,72,104
656,Froakie,41,56,40,71
657,Frogadier,54,63,52,97
658,Greninja,72,95,67,122
659,Bunnelby,38,36,38,57
660,Diggersby,85,56,77,78
661,Fletchling,45,50,43,62
662,Fletchinder,62,73,55,84
663,Talonflame,78,81,71,126
664,Scatterbug,38,35,40,35
665,Spewpa,45,22,60,29
666,Vivillon,80,52,50,89
667,Litleo,62,50,58,72
668,Pyroar,86,68,72,106
669,FlabÃ©bÃ©,44,38,39,42
670,Floette,54,45,47,52
671,Florges,78,65,68,75
672,Skiddo,66,65,48,52
673,Gogoat,123,100,62,68
674,Pancham,67,82,62,43
675,Pangoro,95,124,78,58
676,Furfrou,75,80,60,102
677,Espurr,62,48,54,68
678,MeowsticMale,74,48,76,104
679,Honedge,45,80,100,28
680,Doublade,59,110,150,35
681,"AegislashBlade Forme",60,150,50,60
682,Spritzee,78,52,60,23
683,Aromatisse,101,72,72,29
684,Swirlix,62,48,66,49
685,Slurpuff,82,80,86,72
686,Inkay,53,54,53,45
687,Malamar,86,92,88,73
688,Binacle,42,52,67,50
689,Barbaracle,72,105,115,68
690,Skrelp,50,60,60,30
691,Dragalge,65,75,90,44
692,Clauncher,50,53,62,44
693,Clawitzer,71,73,88,59
694,Helioptile,44,38,33,70
695,Heliolisk,62,55,52,109
696,Tyrunt,58,89,77,48
697,Tyrantrum,82,121,119,71
698,Amaura,77,59,50,46
699,Aurorus,123,77,72,58
700,Sylveon,95,65,65,60
701,Hawlucha,78,92,75,118
702,Dedenne,67,58,57,101
703,Carbink,50,50,150,50
704,Goomy,45,50,35,40
705,Sliggoo,68,75,53,60
706,Goodra,90,100,70,80
707,Klefki,57,80,91,75
708,Phantump,43,70,48,38
709,Trevenant,85,110,76,56
710,"PumpkabooAverage Size",49,66,70,51
711,"GourgeistAverage Size",65,90,122,84
712,Bergmite,55,69,85,28
713,Avalugg,95,117,184,28
714,Noibat,40,30,35,55
715,Noivern,85,70,80,123
716,Xerneas,126,131,95,99
717,Yveltal,126,131,95,99
718,"Zygarde50% Forme",108,100,121,95
719,Diancie,50,100,150,50
720,"HoopaHoopa Confined",80,110,60,70
721,Volcanion,80,110,120,70
